hotel_name	location	room_type	features	original_price	discounted_price
InterContinental Tokyo Bay, an IHG Hotel	1-16-2 Kaigan, Minato, Tokyo, Tokyo-to, 105-8576	Classic Room, 2 Single Beds, River View	River view | Sleeps 3 | High-speed internet access | 35 sq m | 2 Single Beds | Collect and Redeem	€309	
InterContinental Tokyo Bay, an IHG Hotel	1-16-2 Kaigan, Minato, Tokyo, Tokyo-to, 105-8576	Classic Room	River view | Sleeps 2 | High-speed internet access | 35 sq m | 1 Single Bed | Collect and Redeem	€309	
InterContinental Tokyo Bay, an IHG Hotel	1-16-2 Kaigan, Minato, Tokyo, Tokyo-to, 105-8576	Classic Room, 2 Single Beds, Bay View	Bay view | Sleeps 3 | High-speed internet access | 35 sq m | 2 Single Beds | Collect and Redeem	€324	
InterContinental Tokyo Bay, an IHG Hotel	1-16-2 Kaigan, Minato, Tokyo, Tokyo-to, 105-8576	Classic Room, 2 Single Beds, River View (High Floor)	River view | Sleeps 2 | High-speed internet access | 35 sq m | 2 Single Beds | Collect and Redeem	€359	
InterContinental Tokyo Bay, an IHG Hotel	1-16-2 Kaigan, Minato, Tokyo, Tokyo-to, 105-8576	Premium Room, 2 Single Beds, Bay View (Mid Floor)	Bay view | Sleeps 3 | High-speed internet access | 42 sq m | 2 Single Beds | Collect and Redeem	€384	
InterContinental Tokyo Bay, an IHG Hotel	1-16-2 Kaigan, Minato, Tokyo, Tokyo-to, 105-8576	Classic Room, 2 Single Beds, Business Lounge Access, River View (Japanese)	River view | Sleeps 2 | High-speed internet access | 2 Single Beds | Collect and Redeem	€408	
InterContinental Tokyo Bay, an IHG Hotel	1-16-2 Kaigan, Minato, Tokyo, Tokyo-to, 105-8576	Classic Room, 2 Single Beds, Business Lounge Access, River View	River view | Sleeps 2 | High-speed internet access | 35 sq m | 2 Single Beds | Collect and Redeem	€408	
InterContinental Tokyo Bay, an IHG Hotel	1-16-2 Kaigan, Minato, Tokyo, Tokyo-to, 105-8576	Classic Room, 1 King Bed, Business Lounge Access, River View	River view | Sleeps 2 | High-speed internet access | 35 sq m | 1 King Bed | Collect and Redeem	€408	
InterContinental Tokyo Bay, an IHG Hotel	1-16-2 Kaigan, Minato, Tokyo, Tokyo-to, 105-8576	Classic Room, 2 Single Beds, Business Lounge Access, Bay View (Japanese)	Bay view | Sleeps 2 | High-speed internet access | 35 sq m | 2 Single Beds | Collect and Redeem	€423	
InterContinental Tokyo Bay, an IHG Hotel	1-16-2 Kaigan, Minato, Tokyo, Tokyo-to, 105-8576	Classic Room, 1 King Bed, Business Lounge Access, Bay View (Japanese)	River view | Sleeps 2 | High-speed internet access | 1 King Bed | Collect and Redeem	€423	
InterContinental Tokyo Bay, an IHG Hotel	1-16-2 Kaigan, Minato, Tokyo, Tokyo-to, 105-8576	Suite, 2 Single Beds, Business Lounge Access, Bay View	Sleeps 2 | High-speed internet access | 2 Single Beds	sold out	
InterContinental Tokyo Bay, an IHG Hotel	1-16-2 Kaigan, Minato, Tokyo, Tokyo-to, 105-8576	Classic Room, 1 King Bed, Bay View (High Floor)	Bay view | Sleeps 2 | High-speed internet access | 35 sq m | 1 King Bed	sold out	
InterContinental Tokyo Bay, an IHG Hotel	1-16-2 Kaigan, Minato, Tokyo, Tokyo-to, 105-8576	Classic Room, 1 King Bed, Business Lounge Access, Bay View	Bay view | Sleeps 2 | High-speed internet access | 35 sq m | 1 King Bed	sold out	
InterContinental Tokyo Bay, an IHG Hotel	1-16-2 Kaigan, Minato, Tokyo, Tokyo-to, 105-8576	Premium Room, 1 King Bed, Bay View (High Floor)	Bay view | Sleeps 2 | High-speed internet access | 1 King Bed	sold out	
InterContinental Tokyo Bay, an IHG Hotel	1-16-2 Kaigan, Minato, Tokyo, Tokyo-to, 105-8576	Classic Room, 1 King Bed, River View	River view | Sleeps 2 | High-speed internet access | 35 sq m | 1 King Bed	sold out	
InterContinental Tokyo Bay, an IHG Hotel	1-16-2 Kaigan, Minato, Tokyo, Tokyo-to, 105-8576	Junior Suite, 1 King Bed, Business Lounge Access, River View	River view | Bay view | Sleeps 2 | High-speed internet access | 52 sq m | 1 King Bed	sold out	
InterContinental Tokyo Bay, an IHG Hotel	1-16-2 Kaigan, Minato, Tokyo, Tokyo-to, 105-8576	Premium Room, 2 Single Beds, Business Lounge Access, Bay View	Bay view | Sleeps 2 | High-speed internet access | 42 sq m | 2 Single Beds	sold out	
InterContinental Tokyo Bay, an IHG Hotel	1-16-2 Kaigan, Minato, Tokyo, Tokyo-to, 105-8576	Classic Room, 1 King Bed, Business Lounge Access, River View (Japanese)	River view | Sleeps 2 | High-speed internet access | 35 sq m | 1 King Bed	sold out	
InterContinental Tokyo Bay, an IHG Hotel	1-16-2 Kaigan, Minato, Tokyo, Tokyo-to, 105-8576	Premium Room, 2 Single Beds, Bay View (High Floor)	Bay view | Sleeps 2 | High-speed internet access | 42 sq m | 2 Single Beds	sold out	
InterContinental Tokyo Bay, an IHG Hotel	1-16-2 Kaigan, Minato, Tokyo, Tokyo-to, 105-8576	Junior Suite, 1 King Bed, River View (High Floor)	River view | Bay view | Sleeps 2 | High-speed internet access | 52 sq m | 1 King Bed	sold out	
InterContinental Tokyo Bay, an IHG Hotel	1-16-2 Kaigan, Minato, Tokyo, Tokyo-to, 105-8576	Premium Room, 1 King Bed, Business Lounge Access, Bay View	Bay view | Sleeps 2 | High-speed internet access | 38 sq m | 1 King Bed	sold out	
InterContinental Tokyo Bay, an IHG Hotel	1-16-2 Kaigan, Minato, Tokyo, Tokyo-to, 105-8576	Classic Room, 2 Single Beds, Business Lounge Access, Bay View	Bay view | Sleeps 2 | High-speed internet access | 35 sq m | 2 Single Beds	sold out	
InterContinental Tokyo Bay, an IHG Hotel	1-16-2 Kaigan, Minato, Tokyo, Tokyo-to, 105-8576	Classic Room, 2 Single Beds, Bay View (High Floor)	River view | Sleeps 2 | High-speed internet access | 2 Single Beds	sold out	
InterContinental Tokyo Bay, an IHG Hotel	1-16-2 Kaigan, Minato, Tokyo, Tokyo-to, 105-8576	Premium Room, 1 King Bed, Business Lounge Access, Bay View (Japanese)	Bay view | Sleeps 2 | High-speed internet access | 1 King Bed	sold out	
InterContinental Tokyo Bay, an IHG Hotel	1-16-2 Kaigan, Minato, Tokyo, Tokyo-to, 105-8576	Suite, 1 Bedroom, Business Lounge Access, Bay View	Bay view | Sleeps 2 | High-speed internet access | 1 Single Bed	sold out	
InterContinental Tokyo Bay, an IHG Hotel	1-16-2 Kaigan, Minato, Tokyo, Tokyo-to, 105-8576	Suite, 1 Bedroom, Business Lounge Access, Bay View (Jetted Tub)	Sleeps 2 | High-speed internet access | 1 Single Bed	sold out	
InterContinental Tokyo Bay, an IHG Hotel	1-16-2 Kaigan, Minato, Tokyo, Tokyo-to, 105-8576	Suite, 1 Bedroom, Business Lounge Access, Bay View (Dining Area)	Sleeps 3 | High-speed internet access | 1 Single Bed	sold out	
InterContinental Tokyo Bay, an IHG Hotel	1-16-2 Kaigan, Minato, Tokyo, Tokyo-to, 105-8576	Junior Suite, 1 King Bed, River View (Mid Floor)	River view | Bay view | Sleeps 2 | High-speed internet access | 52 sq m | 1 King Bed	sold out	
InterContinental Tokyo Bay, an IHG Hotel	1-16-2 Kaigan, Minato, Tokyo, Tokyo-to, 105-8576	Junior Suite, 1 King Bed, Business Lounge Access, River View (Japanese)	River view | Bay view | Sleeps 2 | High-speed internet access | 1 King Bed	sold out	
InterContinental Tokyo Bay, an IHG Hotel	1-16-2 Kaigan, Minato, Tokyo, Tokyo-to, 105-8576	Classic Room, 1 King Bed, Bay View	Bay view | Sleeps 2 | High-speed internet access | 35 sq m | 1 King Bed	sold out	
InterContinental Tokyo Bay, an IHG Hotel	1-16-2 Kaigan, Minato, Tokyo, Tokyo-to, 105-8576	Premium Room, 1 King Bed, Bay View (Mid Floor)	Bay view | Sleeps 2 | High-speed internet access | 38 sq m | 1 King Bed	sold out	
InterContinental Tokyo Bay, an IHG Hotel	1-16-2 Kaigan, Minato, Tokyo, Tokyo-to, 105-8576	Premium Room, 2 Single Beds, Business Lounge Access, Bay View (Japanese)	Bay view | Sleeps 2 | High-speed internet access | 2 Single Beds	sold out	
MONday Apart UENO-SHIN-OKACHIMACHI	1-27-11 Higashiueno, Taito-ku, Tokyo, Tokyo, 110-0005	Superior King Room, Non Smoking	34 sq m | Sleeps 4 | Free WiFi | 1 King Bed | Collect and Redeem	€408	€140
MONday Apart UENO-SHIN-OKACHIMACHI	1-27-11 Higashiueno, Taito-ku, Tokyo, Tokyo, 110-0005	Superior Family Room, Non Smoking	34 sq m | Sleeps 6 | Free WiFi | 2 Single Beds and 1 Single Bunk Bed | Collect and Redeem	€408	€140
MONday Apart UENO-SHIN-OKACHIMACHI	1-27-11 Higashiueno, Taito-ku, Tokyo, Tokyo, 110-0005	Run of House, Non smoking (Bed Type not guaranteed)	Sleeps 6 | Free WiFi | 2 Single Beds | Collect and Redeem	€408	€184
MONday Apart UENO-SHIN-OKACHIMACHI	1-27-11 Higashiueno, Taito-ku, Tokyo, Tokyo, 110-0005	Superior King Room	Sleeps 2 | Free WiFi | 1 King Bed | Collect | Coupon codes cannot be applied | No changes allowed, except for cancellations	€412	
MONday Apart UENO-SHIN-OKACHIMACHI	1-27-11 Higashiueno, Taito-ku, Tokyo, Tokyo, 110-0005	Superior Family Room	Sleeps 4 | Free WiFi | 2 Single Beds and 1 Single Bunk Bed | Collect | Coupon codes cannot be applied | No changes allowed, except for cancellations	€412	
MONday Apart UENO-SHIN-OKACHIMACHI	1-27-11 Higashiueno, Taito-ku, Tokyo, Tokyo, 110-0005	Deluxe Japanese King Room, Non Smoking	42 sq m | Sleeps 4 | Free WiFi | 1 King Bed	sold out	
MONday Apart UENO-SHIN-OKACHIMACHI	1-27-11 Higashiueno, Taito-ku, Tokyo, Tokyo, 110-0005	Deluxe Japanese Room, Non Smoking	34 sq m | Sleeps 7 | Free WiFi | 2 Single Beds and 3 Single Futons	sold out	
Hotel Gracery Shinjuku	1-19-1 Kabukicho, Shinjuku-ku, Tokyo, Tokyo-to, 160-8466	Double Room, Non Smoking	City view | Sleeps 3 | Free WiFi | 18 sq m | 1 Double Bed | Collect and Redeem	€228	€139
Hotel Gracery Shinjuku	1-19-1 Kabukicho, Shinjuku-ku, Tokyo, Tokyo-to, 160-8466	Double with Breakfast, Non Smoking	City view | Sleeps 2 | Breakfast buffet | Free WiFi | 18 sq m | 1 Double Bed | Collect and Redeem	€258	€173
Hotel Gracery Shinjuku	1-19-1 Kabukicho, Shinjuku-ku, Tokyo, Tokyo-to, 160-8466	Superior Double Room, Non Smoking	City view | Sleeps 3 | Free WiFi | 20 sq m | 1 Double Bed | Collect and Redeem	€272	€179
Hotel Gracery Shinjuku	1-19-1 Kabukicho, Shinjuku-ku, Tokyo, Tokyo-to, 160-8466	Twin Room, Non Smoking	City view | Sleeps 4 | Free WiFi | 23 sq m | 2 Single Beds | Collect and Redeem	€295	€195
Hotel Gracery Shinjuku	1-19-1 Kabukicho, Shinjuku-ku, Tokyo, Tokyo-to, 160-8466	Superior Double with Breakfast, Non Smoking	City view | Sleeps 2 | Breakfast buffet | Free WiFi | 20 sq m | 1 Double Bed | Collect and Redeem	€313	€207
Hotel Gracery Shinjuku	1-19-1 Kabukicho, Shinjuku-ku, Tokyo, Tokyo-to, 160-8466	Deluxe Twin Room, Non Smoking	City view | Sleeps 4 | Free WiFi | 32 sq m | 2 Single Beds | Collect and Redeem	€402	€220
Hotel Gracery Shinjuku	1-19-1 Kabukicho, Shinjuku-ku, Tokyo, Tokyo-to, 160-8466	Twin with Breakfast, Non Smoking	City view | Sleeps 2 | Breakfast buffet | Free WiFi | 23 sq m | 2 Single Beds | Collect and Redeem	€337	€223
Hotel Gracery Shinjuku	1-19-1 Kabukicho, Shinjuku-ku, Tokyo, Tokyo-to, 160-8466	Top Floor (Godzilla Floor) Twin Room, Non Smoking	City view | Sleeps 4 | Free WiFi | 2 Single Beds | Collect and Redeem	€353	€233
Hotel Gracery Shinjuku	1-19-1 Kabukicho, Shinjuku-ku, Tokyo, Tokyo-to, 160-8466	Triple, Room Only, Non Smoking	City view | Sleeps 5 | Free WiFi | 28 sq m | 3 Single Beds | Collect and Redeem	€434	€238
Hotel Gracery Shinjuku	1-19-1 Kabukicho, Shinjuku-ku, Tokyo, Tokyo-to, 160-8466	Deluxe Twin with Breakfast, Non Smoking	City view | Sleeps 2 | Breakfast buffet | Free WiFi | 32 sq m | 2 Single Beds | Collect and Redeem	€448	€260
Hotel Gracery Shinjuku	1-19-1 Kabukicho, Shinjuku-ku, Tokyo, Tokyo-to, 160-8466	Top Floor (Godzilla Floor) Twin with Breakfast, Non Smoking	Sleeps 2 | Breakfast buffet | Free WiFi | 2 Single Beds | Collect and Redeem	€395	€261
Hotel Gracery Shinjuku	1-19-1 Kabukicho, Shinjuku-ku, Tokyo, Tokyo-to, 160-8466	Triple with Breakfast, Non Smoking	City view | Sleeps 3 | Breakfast buffet | Free WiFi | 28 sq m | 3 Single Beds | Collect and Redeem	€478	€277
Hotel Gracery Shinjuku	1-19-1 Kabukicho, Shinjuku-ku, Tokyo, Tokyo-to, 160-8466	Top Floor (Godzilla Floor) Deluxe Twin Room, Non Smoking	Sleeps 4 | Free WiFi | 2 Single Beds | Collect and Redeem	€495	€287
Hotel Gracery Shinjuku	1-19-1 Kabukicho, Shinjuku-ku, Tokyo, Tokyo-to, 160-8466	Top Floor (Godzilla Floor) Deluxe Twin with Breakfast, Non Smoking	Sleeps 2 | Breakfast buffet | Free WiFi | 2 Single Beds | Collect and Redeem	€541	€314
Hotel Gracery Shinjuku	1-19-1 Kabukicho, Shinjuku-ku, Tokyo, Tokyo-to, 160-8466	Top Floor (Godzilla Floor) Double with Breakfast, Non Smoking	Sleeps 2 | Free WiFi | 1 Double Bed	sold out	
Hotel Gracery Shinjuku	1-19-1 Kabukicho, Shinjuku-ku, Tokyo, Tokyo-to, 160-8466	Single with Breakfast, Non Smoking	City view | Sleeps 1 | Free WiFi | 18 sq m | 1 Single Bed	sold out	
Hotel Gracery Shinjuku	1-19-1 Kabukicho, Shinjuku-ku, Tokyo, Tokyo-to, 160-8466	Top Floor (Godzilla Floor) Triple, Room Only, Non Smoking	Sleeps 5 | Free WiFi | 3 Single Beds	sold out	
Hotel Gracery Shinjuku	1-19-1 Kabukicho, Shinjuku-ku, Tokyo, Tokyo-to, 160-8466	Top Floor (Godzilla Floor) Double Room, Non Smoking	Sleeps 3 | Free WiFi | 1 Double Bed	sold out	
Hotel Gracery Shinjuku	1-19-1 Kabukicho, Shinjuku-ku, Tokyo, Tokyo-to, 160-8466	Top Floor (Godzilla Floor) Triple with Breakfast, Non Smoking	Sleeps 3 | Free WiFi | 3 Single Beds	sold out	
Hotel Gracery Shinjuku	1-19-1 Kabukicho, Shinjuku-ku, Tokyo, Tokyo-to, 160-8466	Single Room, Non Smoking	City view | Sleeps 2 | Free WiFi | 18 sq m | 1 Single Bed	sold out	
Hotel Villa Fontaine Grand Haneda Airport	2-7-1 Hanedakuko, Oota, Tokyo, Tokyo, 144-0041	Superior Queen Room, Non Smoking (Check In 18:00-Check Out 09:00)	Reserve now, pay later | Sleeps 2 | Free WiFi | 1 Queen Bed | Collect	€137	
Hotel Villa Fontaine Grand Haneda Airport	2-7-1 Hanedakuko, Oota, Tokyo, Tokyo, 144-0041	Moderate Queen Room, Non Smoking (Check In 18:00-Check Out 09:00)	Reserve now, pay later | Sleeps 2 | Free WiFi | 1 Queen Bed | Collect	€132	
Hotel Villa Fontaine Grand Haneda Airport	2-7-1 Hanedakuko, Oota, Tokyo, Tokyo, 144-0041	Moderate Queen Room, Non Smoking	Reserve now, pay later | Sleeps 2 | Free WiFi | 18 sq m | 1 Queen Bed | Collect	€146	
Hotel Villa Fontaine Grand Haneda Airport	2-7-1 Hanedakuko, Oota, Tokyo, Tokyo, 144-0041	Superior Queen Room, Non Smoking	Reserve now, pay later | Sleeps 2 | Free WiFi | 20 sq m | 1 Queen Bed | Collect	€152	
Hotel Villa Fontaine Grand Haneda Airport	2-7-1 Hanedakuko, Oota, Tokyo, Tokyo, 144-0041	Moderate Queen Room, Non Smoking (Check In 18:00-Check Out 09:00) with Onsen ticket	Reserve now, pay later | Sleeps 2 | Free WiFi | 1 Queen Bed | Collect	€156	
Hotel Villa Fontaine Grand Haneda Airport	2-7-1 Hanedakuko, Oota, Tokyo, Tokyo, 144-0041	Short Stay Superior King Room, Non Smoking (Check In 18:00-Check Out 09:00)	Reserve now, pay later | Sleeps 3 | Free WiFi | 1 King Bed | Collect	€159	
Hotel Villa Fontaine Grand Haneda Airport	2-7-1 Hanedakuko, Oota, Tokyo, Tokyo, 144-0041	Superior Queen Room, Non Smoking (Check In 18:00-Check Out 09:00) with Onsen ticket	Reserve now, pay later | Sleeps 2 | Free WiFi | 1 Queen Bed | Collect and Redeem	€161	
Hotel Villa Fontaine Grand Haneda Airport	2-7-1 Hanedakuko, Oota, Tokyo, Tokyo, 144-0041	Moderate Queen Room, Non Smoking with Onsen ticket	Reserve now, pay later | Sleeps 2 | Free WiFi | 1 Queen Bed | Collect	€170	
Hotel Villa Fontaine Grand Haneda Airport	2-7-1 Hanedakuko, Oota, Tokyo, Tokyo, 144-0041	Superior King Room, Non Smoking	Reserve now, pay later | Sleeps 3 | Free WiFi | 24 sq m | 1 King Bed | Collect	€176	
Hotel Villa Fontaine Grand Haneda Airport	2-7-1 Hanedakuko, Oota, Tokyo, Tokyo, 144-0041	Superior Queen Room, Non Smoking, with Onsen ticket	Reserve now, pay later | Sleeps 2 | Free WiFi | 1 Queen Bed | Collect	€176	
Hotel Villa Fontaine Grand Haneda Airport	2-7-1 Hanedakuko, Oota, Tokyo, Tokyo, 144-0041	Superior King Room, Non Smoking (Check In 18:00-Check Out 09:00) with Onsen ticket	Reserve now, pay later | Sleeps 3 | Free WiFi | 1 King Bed | Collect	€183	
Hotel Villa Fontaine Grand Haneda Airport	2-7-1 Hanedakuko, Oota, Tokyo, Tokyo, 144-0041	Superior King Room, Non Smoking with Onsen ticket	Reserve now, pay later | Sleeps 3 | Free WiFi | 1 King Bed | Collect	€201	
Hotel Villa Fontaine Grand Haneda Airport	2-7-1 Hanedakuko, Oota, Tokyo, Tokyo, 144-0041	Concept Room - Taichi & Agumon x Hikari & Tailmon, Non Smoking with Onsen ticket	Reserve now, pay later | Sleeps 2 | Breakfast buffet | Free WiFi | 1 Queen Bed | Collect	€223	
Hotel Villa Fontaine Grand Haneda Airport	2-7-1 Hanedakuko, Oota, Tokyo, Tokyo, 144-0041	Concept Room - Yamato & Gabumon x Takeru & Patamon, Non Smoking with Onsen ticket	Reserve now, pay later | Sleeps 2 | Breakfast buffet | Free WiFi | 1 Queen Bed | Collect	€223	
Hotel Villa Fontaine Grand Haneda Airport	2-7-1 Hanedakuko, Oota, Tokyo, Tokyo, 144-0041	Concept Room - JAPAN AIRLINES × Hotel Villa Fontaine, Non Smoking with Onsen ticket	Reserve now, pay later | Sleeps 3 | Free WiFi | 23 sq m | 2 Single Beds | Collect	€227	
Hotel Villa Fontaine Grand Haneda Airport	2-7-1 Hanedakuko, Oota, Tokyo, Tokyo, 144-0041	"Concept Room - KOKUYO x ""STANDARD"", Non Smoking with Onsen ticket"	Reserve now, pay later | Sleeps 3 | Breakfast buffet | Free WiFi | 2 Single Beds | Collect and Redeem	€234	
Hotel Villa Fontaine Grand Haneda Airport	2-7-1 Hanedakuko, Oota, Tokyo, Tokyo, 144-0041	"Concept Room - KOKUYO x ""FANCY"", Non Smoking with Onsen ticket"	Reserve now, pay later | Sleeps 3 | Breakfast buffet | Free WiFi | 2 Single Beds | Collect and Redeem	€234	
Hotel Villa Fontaine Grand Haneda Airport	2-7-1 Hanedakuko, Oota, Tokyo, Tokyo, 144-0041	"Concept Room - KOKUYO x ""SIMPLE"", Non Smoking with Onsen ticket"	Reserve now, pay later | Sleeps 3 | Breakfast buffet | Free WiFi | 2 Single Beds | Collect and Redeem	€234	
Hotel Villa Fontaine Grand Haneda Airport	2-7-1 Hanedakuko, Oota, Tokyo, Tokyo, 144-0041	Concept Room - Sirotan and Izumitenku no Yu, Non Smoking with Onsen ticket	Reserve now, pay later | Sleeps 3 | Breakfast buffet | Free WiFi | 2 Single Beds | Collect	€234	
Hotel Villa Fontaine Grand Haneda Airport	2-7-1 Hanedakuko, Oota, Tokyo, Tokyo, 144-0041	Concept Room - Sirotan x Hotel Villa Fontaine, Non Smoking with Onsen ticket	Reserve now, pay later | Sleeps 3 | Breakfast buffet | Free WiFi | 2 Single Beds | Collect	€234	
Hotel Villa Fontaine Grand Haneda Airport	2-7-1 Hanedakuko, Oota, Tokyo, Tokyo, 144-0041	Concept Room - 25th anniversary Sirotan x Hotel Villa Fontaine, Non Smoking with Onsen ticket	Reserve now, pay later | Sleeps 3 | Breakfast buffet | Free WiFi | 2 Single Beds | Collect	€234	
Hotel Villa Fontaine Grand Haneda Airport	2-7-1 Hanedakuko, Oota, Tokyo, Tokyo, 144-0041	Concept Room - TOKYO WABI x SABI ROOM, Non Smoking with Onsen ticket	Reserve now, pay later | Sleeps 3 | Breakfast buffet | Free WiFi | 23 sq m | 2 Single Beds | Collect	€254	
Hotel Villa Fontaine Grand Haneda Airport	2-7-1 Hanedakuko, Oota, Tokyo, Tokyo, 144-0041	Concept Room - TOKYO OMATSURI ROOM, Non Smoking with Onsen ticket	Reserve now, pay later | Sleeps 3 | Breakfast buffet | Free WiFi | 23 sq m | 2 Single Beds | Collect	€254	
Hotel Villa Fontaine Grand Haneda Airport	2-7-1 Hanedakuko, Oota, Tokyo, Tokyo, 144-0041	Twin Room with Tatami Area, Non Smoking	Reserve now, pay later | Sleeps 4 | Free WiFi | 29 sq m | 2 Single Beds and 2 Single Futons | Collect	€258	
Hotel Villa Fontaine Grand Haneda Airport	2-7-1 Hanedakuko, Oota, Tokyo, Tokyo, 144-0041	Concept Room - Magical Doremi (Travel ver.), Non Smoking with Onsen ticket	Reserve now, pay later | Sleeps 3 | Breakfast buffet | Free WiFi | 2 Single Beds | Collect	€260	
Hotel Villa Fontaine Grand Haneda Airport	2-7-1 Hanedakuko, Oota, Tokyo, Tokyo, 144-0041	Concept Room - Barbapapa × Picture book, Non Smoking with Onsen ticket	Reserve now, pay later | Sleeps 3 | Breakfast buffet | Free WiFi | 2 Single Beds | Collect	€260	
Hotel Villa Fontaine Grand Haneda Airport	2-7-1 Hanedakuko, Oota, Tokyo, Tokyo, 144-0041	Concept Room -Magical Doremi (Witch Apprentice ver.), Non Smoking with Onsen ticket	Reserve now, pay later | Sleeps 3 | Breakfast buffet | Free WiFi | 2 Single Beds | Collect	€260	
Hotel Villa Fontaine Grand Haneda Airport	2-7-1 Hanedakuko, Oota, Tokyo, Tokyo, 144-0041	Concept Room - Barbapapa × HOTEL, Non Smoking with Onsen ticket	Reserve now, pay later | Sleeps 3 | Breakfast buffet | Free WiFi | 2 Single Beds | Collect	€260	
Hotel Villa Fontaine Grand Haneda Airport	2-7-1 Hanedakuko, Oota, Tokyo, Tokyo, 144-0041	Superior Triple Room, Non Smoking	Reserve now, pay later | Sleeps 3 | Free WiFi | 28 sq m | 3 Single Beds | Collect	€264	
Hotel Villa Fontaine Grand Haneda Airport	2-7-1 Hanedakuko, Oota, Tokyo, Tokyo, 144-0041	Twin Room with Tatami Area, Non Smoking with Onsen ticket	Reserve now, pay later | Sleeps 4 | Free WiFi | 2 Single Beds and 2 Single Futons | Collect	€282	
Hotel Villa Fontaine Grand Haneda Airport	2-7-1 Hanedakuko, Oota, Tokyo, Tokyo, 144-0041	Deluxe Twin Room with Tatami Area, Non Smoking	Reserve now, pay later | Sleeps 4 | Free WiFi | 42 sq m | 2 Single Beds and 2 Single Futons | Collect and Redeem	€297	
Hotel Villa Fontaine Grand Haneda Airport	2-7-1 Hanedakuko, Oota, Tokyo, Tokyo, 144-0041	Superior Triple Room, Non Smoking with Onsen ticket	Reserve now, pay later | Sleeps 3 | Free WiFi | 3 Single Beds | Collect	€300	
Hotel Villa Fontaine Grand Haneda Airport	2-7-1 Hanedakuko, Oota, Tokyo, Tokyo, 144-0041	Family Room, Non Smoking	Reserve now, pay later | Sleeps 4 | Free WiFi | 36 sq m | 4 Single Beds | Collect and Redeem	€312	
Hotel Villa Fontaine Grand Haneda Airport	2-7-1 Hanedakuko, Oota, Tokyo, Tokyo, 144-0041	Deluxe Twin Room with Tatami Area, Non Smoking with Onsen ticket	Reserve now, pay later | Sleeps 4 | Free WiFi | 2 Single Beds and 2 Single Futons | Collect	€321	
Hotel Villa Fontaine Grand Haneda Airport	2-7-1 Hanedakuko, Oota, Tokyo, Tokyo, 144-0041	Family Room, Non Smoking with Onsen ticket	Reserve now, pay later | Sleeps 4 | Free WiFi | 4 Single Beds | Collect and Redeem	€361	
Hotel Villa Fontaine Grand Haneda Airport	2-7-1 Hanedakuko, Oota, Tokyo, Tokyo, 144-0041	Superior Twin Room with Extra Bed, Non Smoking	Sleeps 3 | Free WiFi | 2 Single Beds	sold out	
Hotel Villa Fontaine Grand Haneda Airport	2-7-1 Hanedakuko, Oota, Tokyo, Tokyo, 144-0041	Superior Twin Room, Non Smoking	Sleeps 3 | Free WiFi | 23 sq m | 2 Single Beds	sold out	
Hotel Villa Fontaine Grand Haneda Airport	2-7-1 Hanedakuko, Oota, Tokyo, Tokyo, 144-0041	Superior Twin Room with Extra Bed, Non Smoking with Onsen ticket (Adjoining)	Sleeps 6 | Free WiFi | 4 Single Beds	sold out	
Hotel Villa Fontaine Grand Haneda Airport	2-7-1 Hanedakuko, Oota, Tokyo, Tokyo, 144-0041	Superior Twin Room with Extra Bed, Non Smoking with Onsen ticket	Sleeps 3 | Free WiFi | 2 Single Beds	sold out	
Hotel Villa Fontaine Grand Haneda Airport	2-7-1 Hanedakuko, Oota, Tokyo, Tokyo, 144-0041	Superior Twin Room - Non-Smoking (Check In 18:00-Check Out 09:00) with Onsen ticket	Sleeps 3 | Free WiFi | 2 Single Beds	sold out	
Hotel Villa Fontaine Grand Haneda Airport	2-7-1 Hanedakuko, Oota, Tokyo, Tokyo, 144-0041	Superior Twin Room, Non Smoking with Onsen ticket	Sleeps 3 | Free WiFi | 2 Single Beds	sold out	
Hotel Villa Fontaine Grand Haneda Airport	2-7-1 Hanedakuko, Oota, Tokyo, Tokyo, 144-0041	Run of House - Single Occupancy, Non Smoking with Onsen ticket	Sleeps 1 | Free WiFi | 1 Single Bed	sold out	
Hotel Villa Fontaine Grand Haneda Airport	2-7-1 Hanedakuko, Oota, Tokyo, Tokyo, 144-0041	Run of House - Single Occupancy, Non Smoking	Sleeps 1 | Free WiFi | 1 Single Bed	sold out	
Hotel Villa Fontaine Grand Haneda Airport	2-7-1 Hanedakuko, Oota, Tokyo, Tokyo, 144-0041	Short Stay Superior Twin Room, Non Smoking (Check In 18:00-Check Out 09:00)	Sleeps 3 | Free WiFi | 2 Single Beds	sold out	
SOTETSU GRAND FRESA TAKADANOBABA	1-chome-27-7 Takadanobaba, Tokyo, Tokyo, 169-0075	Superior Double Room, Non Smoking	Reserve now, pay later | Sleeps 2 | Free WiFi | 14 sq m | 1 Queen Bed | Collect	€123	€109
SOTETSU GRAND FRESA TAKADANOBABA	1-chome-27-7 Takadanobaba, Tokyo, Tokyo, 169-0075	Superior Triple Room, Non Smoking	Reserve now, pay later | Sleeps 3 | Free WiFi | 2 Large Single Beds | Collect	€160	€144
SOTETSU GRAND FRESA TAKADANOBABA	1-chome-27-7 Takadanobaba, Tokyo, Tokyo, 169-0075	Deluxe Twin Room, Non Smoking	Reserve now, pay later | Sleeps 2 | Free WiFi | 25 sq m | 2 Large Single Beds | Collect	€163	€145
SOTETSU GRAND FRESA TAKADANOBABA	1-chome-27-7 Takadanobaba, Tokyo, Tokyo, 169-0075	Standard Double Room	Sleeps 2 | Free WiFi | 1 Double Bed	sold out	
SOTETSU GRAND FRESA TAKADANOBABA	1-chome-27-7 Takadanobaba, Tokyo, Tokyo, 169-0075	Standard Twin Room, Non Smoking	Sleeps 2 | Free WiFi | 20 sq m | 2 Large Single Beds	sold out	
MONday Apart Premium Akihabara Asakusabashi Sta.	1-5-2 Asakusabashi, Taito, Tokyo, Tokyo, 111-0053	Superior Family Room, Non Smoking	34 sq m | Sleeps 6 | Free WiFi | 2 Single Beds and 1 Single Bunk Bed | Collect and Redeem	€359	€123
MONday Apart Premium Akihabara Asakusabashi Sta.	1-5-2 Asakusabashi, Taito, Tokyo, Tokyo, 111-0053	Grand Japanese Room, Non Smoking (For 1-5 People)	45 sq m | Sleeps 7 | Free WiFi | 2 Single Beds, 1 Single Sofa Bed and 2 Single Futons | Collect and Redeem	€465	€160
MONday Apart Premium Akihabara Asakusabashi Sta.	1-5-2 Asakusabashi, Taito, Tokyo, Tokyo, 111-0053	Run of House, Non smoking (Bed Type not guaranteed)	Sleeps 6 | Free WiFi | 2 Single Beds | Collect and Redeem	€359	€162
MONday Apart Premium Akihabara Asakusabashi Sta.	1-5-2 Asakusabashi, Taito, Tokyo, Tokyo, 111-0053	Game Room, Non Smoking	45 sq m | Sleeps 8 | Free WiFi | 2 Single Beds, 1 Single Sofa Bed and 3 Single Futons | Collect and Redeem	€465	€177
MONday Apart Premium Akihabara Asakusabashi Sta.	1-5-2 Asakusabashi, Taito, Tokyo, Tokyo, 111-0053	Grand Japanese Room, Non Smoking (For 6 People)	45 sq m | Sleeps 8 | Free WiFi | 2 Single Beds, 1 Single Sofa Bed and 3 Single Futons | Collect and Redeem	€576	€198
MONday Apart Premium Akihabara Asakusabashi Sta.	1-5-2 Asakusabashi, Taito, Tokyo, Tokyo, 111-0053	Japanese Concept Room	45 sq m | Sleeps 8 | Free WiFi | 2 Single Beds, 1 Single Sofa Bed and 3 Single Futons | Reserve now, pay later | Collect and Redeem	€465	€228
MONday Apart Premium Akihabara Asakusabashi Sta.	1-5-2 Asakusabashi, Taito, Tokyo, Tokyo, 111-0053	Grand Japanese King Room, Non Smoking	45 sq m | Sleeps 4 | Free WiFi | 1 King Bed	sold out	
MONday Apart Premium Akihabara Asakusabashi Sta.	1-5-2 Asakusabashi, Taito, Tokyo, Tokyo, 111-0053	Superior King Room, Non Smoking	34 sq m | Sleeps 4 | Free WiFi | 1 King Bed	sold out	
The Peninsula Tokyo	1-8-1 Yuraku-cho, Chiyoda-ku, Tokyo, Tokyo-to, 100-0006	Deluxe Room, 1 King Bed	City view | Sleeps 4 | Free WiFi | 54 sq m | 1 King Bed | Collect and Redeem	€689	
The Peninsula Tokyo	1-8-1 Yuraku-cho, Chiyoda-ku, Tokyo, Tokyo-to, 100-0006	Deluxe Room (2 Twin Beds)	City view | Sleeps 4 | Free WiFi | 54 sq m | 2 Single Beds | Collect and Redeem	€689	
The Peninsula Tokyo	1-8-1 Yuraku-cho, Chiyoda-ku, Tokyo, Tokyo-to, 100-0006	Premier Room, 1 King Bed	City view | Sleeps 4 | Free WiFi | 54 sq m | 1 King Bed | Collect and Redeem	€877	
The Peninsula Tokyo	1-8-1 Yuraku-cho, Chiyoda-ku, Tokyo, Tokyo-to, 100-0006	Premier Room, 2 Twin Beds	City view | Sleeps 4 | Free WiFi | 54 sq m | 2 Single Beds | Collect and Redeem	€877	
The Peninsula Tokyo	1-8-1 Yuraku-cho, Chiyoda-ku, Tokyo, Tokyo-to, 100-0006	Deluxe Room Twin	Free WiFi | 54 sq m | 2 Single Beds | Collect | Coupon codes cannot be applied | No changes allowed, except for cancellations	€879	
The Peninsula Tokyo	1-8-1 Yuraku-cho, Chiyoda-ku, Tokyo, Tokyo-to, 100-0006	Deluxe Room King	Free WiFi | 54 sq m | 1 King Bed | Collect | Coupon codes cannot be applied | No changes allowed, except for cancellations	€879	
The Peninsula Tokyo	1-8-1 Yuraku-cho, Chiyoda-ku, Tokyo, Tokyo-to, 100-0006	Premier Room, 2 Single Beds, Corner	City view | Sleeps 4 | Free WiFi | 69 sq m | 2 Single Beds | Collect and Redeem	€939	
The Peninsula Tokyo	1-8-1 Yuraku-cho, Chiyoda-ku, Tokyo, Tokyo-to, 100-0006	Premier Room, 1 King Bed, Corner	City view | Sleeps 3 | Free WiFi | 69 sq m | 1 King Bed | Collect and Redeem	€939	
The Peninsula Tokyo	1-8-1 Yuraku-cho, Chiyoda-ku, Tokyo, Tokyo-to, 100-0006	Grand Premier Garden Room, 1 King Bed	Sleeps 4 | Free WiFi | 54 sq m | 1 King Bed | Collect and Redeem	€1,002	
The Peninsula Tokyo	1-8-1 Yuraku-cho, Chiyoda-ku, Tokyo, Tokyo-to, 100-0006	Grand Premier Park Room, 1 King Bed	Park view | Sleeps 4 | Free WiFi | 63 sq m | 1 King Bed | Collect and Redeem	€1,065	
The Peninsula Tokyo	1-8-1 Yuraku-cho, Chiyoda-ku, Tokyo, Tokyo-to, 100-0006	Grand Premier Park Room, 2 Twin Beds	Park view | Sleeps 4 | Free WiFi | 63 sq m | 2 Single Beds | Collect and Redeem	€1,065	
The Peninsula Tokyo	1-8-1 Yuraku-cho, Chiyoda-ku, Tokyo, Tokyo-to, 100-0006	Premier Room Twin	Free WiFi | 54 sq m | 2 Single Beds | Collect | Coupon codes cannot be applied | No changes allowed, except for cancellations	€1,118	
The Peninsula Tokyo	1-8-1 Yuraku-cho, Chiyoda-ku, Tokyo, Tokyo-to, 100-0006	Executive Suite, 1 King Bed	City view | Sleeps 5 | Free WiFi | 81 sq m | 1 King Bed | Collect and Redeem	€1,252	
The Peninsula Tokyo	1-8-1 Yuraku-cho, Chiyoda-ku, Tokyo, Tokyo-to, 100-0006	Executive Suite, 2 Twin Beds	City view | Sleeps 5 | Free WiFi | 81 sq m | 2 Single Beds | Collect and Redeem	€1,252	
The Peninsula Tokyo	1-8-1 Yuraku-cho, Chiyoda-ku, Tokyo, Tokyo-to, 100-0006	Deluxe Suite, 1 King Bed	Park view | Sleeps 5 | Free WiFi | 116 sq m | 1 King Bed | Collect and Redeem	€1,753	
The Peninsula Tokyo	1-8-1 Yuraku-cho, Chiyoda-ku, Tokyo, Tokyo-to, 100-0006	Deluxe Suite, 2 Twin Beds	Park view | Sleeps 5 | Free WiFi | 116 sq m | 2 Single Beds | Collect and Redeem	€1,753	
The Peninsula Tokyo	1-8-1 Yuraku-cho, Chiyoda-ku, Tokyo, Tokyo-to, 100-0006	Premier Suite, 2 Single Beds (Grand)	Park view | Sleeps 5 | Free WiFi | 116 sq m | 2 Single Beds | Collect and Redeem	€2,067	
The Peninsula Tokyo	1-8-1 Yuraku-cho, Chiyoda-ku, Tokyo, Tokyo-to, 100-0006	Premier Suite, 1 King Bed (Grand)	Park view | Sleeps 5 | Free WiFi | 116 sq m | 1 King Bed | Collect and Redeem	€2,067	
RIHGA Royal Hotel Tokyo	1-104-19 Totsuka-machi, Shinjuku-ku, Tokyo, Tokyo-to, 169-8613	Check-in 4pm, out 10am, Deluxe Double Room, Non Smoking	Sleeps 4 | 31 sq m | 1 Queen Bed | Collect and Redeem	€127	€115
RIHGA Royal Hotel Tokyo	1-104-19 Totsuka-machi, Shinjuku-ku, Tokyo, Tokyo-to, 169-8613	Check-in 4pm, out 10am, Luxury Twin, Non Smoking (extra beds for person over age of 4)	Sleeps 5 | 38 sq m | 2 Single Beds | Collect and Redeem	€136	€132
RIHGA Royal Hotel Tokyo	1-104-19 Totsuka-machi, Shinjuku-ku, Tokyo, Tokyo-to, 169-8613	Check-in 4pm, out 10am, Luxury Double, Non Smoking (extra beds for person over age of 4)	Sleeps 5 | 34 sq m | 1 Queen Bed | Collect and Redeem	€136	€132
RIHGA Royal Hotel Tokyo	1-104-19 Totsuka-machi, Shinjuku-ku, Tokyo, Tokyo-to, 169-8613	Deluxe Double Room, Non Smoking	Sleeps 4 | 31 sq m | 1 Queen Bed | Collect and Redeem	€164	€156
RIHGA Royal Hotel Tokyo	1-104-19 Totsuka-machi, Shinjuku-ku, Tokyo, Tokyo-to, 169-8613	Luxury Twin Room, Non Smoking (extra beds for person over age of 4)	Sleeps 5 | 38 sq m | 2 Single Beds | Collect and Redeem	€173	€165
RIHGA Royal Hotel Tokyo	1-104-19 Totsuka-machi, Shinjuku-ku, Tokyo, Tokyo-to, 169-8613	Luxury Double Room, Non Smoking (extra beds for person over age of 4)	Sleeps 5 | 34 sq m | 1 Queen Bed | Collect and Redeem	€173	€165
RIHGA Royal Hotel Tokyo	1-104-19 Totsuka-machi, Shinjuku-ku, Tokyo, Tokyo-to, 169-8613	Check-in 4pm, out 10am, Junior Suite Double, Non-Smoking(extra beds for person over age of 4)	Sleeps 6 | 49 sq m | 1 King Bed | Collect and Redeem	€186	€180
RIHGA Royal Hotel Tokyo	1-104-19 Totsuka-machi, Shinjuku-ku, Tokyo, Tokyo-to, 169-8613	Check-in 4pm, out 10am, Junior Suite 2 Single beds Non-Smoking(extra beds for person over age of 4)	Sleeps 6 | 42 sq m | 2 Single Beds | Collect and Redeem	€186	€180
RIHGA Royal Hotel Tokyo	1-104-19 Totsuka-machi, Shinjuku-ku, Tokyo, Tokyo-to, 169-8613	Junior Suite Twin Room, Non-Smoking (extra beds for person over age of 4)	Sleeps 6 | 42 sq m | 2 Single Beds | Collect and Redeem	€241	€229
RIHGA Royal Hotel Tokyo	1-104-19 Totsuka-machi, Shinjuku-ku, Tokyo, Tokyo-to, 169-8613	Junior Suite Double Room, Non-Smoking (extra beds for person over age of 4)	Sleeps 6 | 49 sq m | 1 King Bed | Collect and Redeem	€241	€229
RIHGA Royal Hotel Tokyo	1-104-19 Totsuka-machi, Shinjuku-ku, Tokyo, Tokyo-to, 169-8613	[Executive Floor] Deluxe Double Room, Non-Smoking (Free access to pool, sauna, gym)	Reserve now, pay later | Sleeps 2 | Free breakfast | Free minibar | Free parking | 1 Queen Bed | Collect	€303	
RIHGA Royal Hotel Tokyo	1-104-19 Totsuka-machi, Shinjuku-ku, Tokyo, Tokyo-to, 169-8613	[Executive Floor] Luxury Double room, Non-Smoking (Free access to pool, sauna, gym)	Reserve now, pay later | Sleeps 3 | Free breakfast | Free minibar | Free parking | 1 Queen Bed | Collect	€313	
RIHGA Royal Hotel Tokyo	1-104-19 Totsuka-machi, Shinjuku-ku, Tokyo, Tokyo-to, 169-8613	[Executive Floor] Luxury Twin Room, Non Smoking (Free access to pool, sauna, gym)	Reserve now, pay later | Sleeps 3 | Free breakfast | Free minibar | Free parking | 2 Single Beds | Collect	€313	
RIHGA Royal Hotel Tokyo	1-104-19 Totsuka-machi, Shinjuku-ku, Tokyo, Tokyo-to, 169-8613	[Executive Floor] Junior Suite Double room, Non-Smoking (Free access to pool, sauna, gym)	Reserve now, pay later | Sleeps 4 | Free breakfast | Free minibar | Free parking | 1 King Bed | Collect	€381	
RIHGA Royal Hotel Tokyo	1-104-19 Totsuka-machi, Shinjuku-ku, Tokyo, Tokyo-to, 169-8613	[Executive Floor] Junior Suite Twin room, Non-Smoking (Free access to pool, sauna, gym)	Reserve now, pay later | Sleeps 4 | Free breakfast | Free minibar | Free parking | 2 Single Beds | Collect	€381	
RIHGA Royal Hotel Tokyo	1-104-19 Totsuka-machi, Shinjuku-ku, Tokyo, Tokyo-to, 169-8613	Standard Double Room, Non Smoking	Sleeps 4 | 25 sq m | 1 Queen Bed	sold out	
RIHGA Royal Hotel Tokyo	1-104-19 Totsuka-machi, Shinjuku-ku, Tokyo, Tokyo-to, 169-8613	[Executive Floor] Standard Double Room, Non-Smoking (Free access to pool, sauna, gym)	Sleeps 2 | 1 Queen Bed	sold out	
RIHGA Royal Hotel Tokyo	1-104-19 Totsuka-machi, Shinjuku-ku, Tokyo, Tokyo-to, 169-8613	Check-in 4pm, out 10am, Standard Double Room, Non Smoking	Sleeps 4 | 25 sq m | 1 Queen Bed	sold out	
Shinjuku Washington Hotel Main	3-2-9 Nishishinjuku, Shinjuku-ku, Tokyo, Tokyo-to, 160-0023	Standard Double Room, Non Smoking	Sleeps 3 | Free WiFi | 18 sq m | 1 Double Bed | Collect and Redeem	€140	€101
Shinjuku Washington Hotel Main	3-2-9 Nishishinjuku, Shinjuku-ku, Tokyo, Tokyo-to, 160-0023	Economy Double Room, Non Smoking	Sleeps 3 | Free WiFi | 13 sq m | 1 Double Bed | Collect and Redeem	€136	€98
Shinjuku Washington Hotel Main	3-2-9 Nishishinjuku, Shinjuku-ku, Tokyo, Tokyo-to, 160-0023	Twin Room, Non Smoking (Remodeled Floor)	Sleeps 4 | Free WiFi | 2 Single Beds | Collect and Redeem	€145	€104
Shinjuku Washington Hotel Main	3-2-9 Nishishinjuku, Shinjuku-ku, Tokyo, Tokyo-to, 160-0023	Twin Room, Women only, Non Smoking	Sleeps 4 | Free WiFi | 17 sq m | 2 Single Beds | Collect and Redeem	€145	€104
Shinjuku Washington Hotel Main	3-2-9 Nishishinjuku, Shinjuku-ku, Tokyo, Tokyo-to, 160-0023	Superior Double Room, Non Smoking	Sleeps 3 | Free WiFi | 20 sq m | 1 Double Bed | Collect and Redeem	€149	€107
Shinjuku Washington Hotel Main	3-2-9 Nishishinjuku, Shinjuku-ku, Tokyo, Tokyo-to, 160-0023	Superior Twin Room, Non Smoking	Sleeps 4 | Free WiFi | 20 sq m | 2 Single Beds | Collect and Redeem	€149	€107
Shinjuku Washington Hotel Main	3-2-9 Nishishinjuku, Shinjuku-ku, Tokyo, Tokyo-to, 160-0023	Superior Twin Room, Non Smoking(Remodeled Floor)	Sleeps 4 | Free WiFi | 2 Single Beds | Collect and Redeem	€157	€113
Shinjuku Washington Hotel Main	3-2-9 Nishishinjuku, Shinjuku-ku, Tokyo, Tokyo-to, 160-0023	Semidouble with Breakfast, Non Smoking	Sleeps 2 | Breakfast buffet | Free WiFi | 13 sq m | 1 Double Bed | Collect and Redeem	€173	€124
Shinjuku Washington Hotel Main	3-2-9 Nishishinjuku, Shinjuku-ku, Tokyo, Tokyo-to, 160-0023	Standard Double with Breakfast, Non Smoking	Sleeps 2 | Breakfast buffet | Free WiFi | 18 sq m | 1 Double Bed | Collect and Redeem	€177	€127
Shinjuku Washington Hotel Main	3-2-9 Nishishinjuku, Shinjuku-ku, Tokyo, Tokyo-to, 160-0023	Ladies Twin with Breakfast, Non Smoking	Sleeps 2 | Breakfast buffet | Free WiFi | 17 sq m | 2 Single Beds | Collect and Redeem	€181	€130
Shinjuku Washington Hotel Main	3-2-9 Nishishinjuku, Shinjuku-ku, Tokyo, Tokyo-to, 160-0023	Twin Room with Breakfast, Non Smoking (Remodeled Floor)	Sleeps 2 | Breakfast buffet | Free WiFi | 2 Single Beds | Collect and Redeem	€181	€130
Shinjuku Washington Hotel Main	3-2-9 Nishishinjuku, Shinjuku-ku, Tokyo, Tokyo-to, 160-0023	Superior Double with Breakfast, Non Smoking	Sleeps 2 | Breakfast buffet | Free WiFi | 20 sq m | 1 Double Bed | Collect and Redeem	€185	€133
Shinjuku Washington Hotel Main	3-2-9 Nishishinjuku, Shinjuku-ku, Tokyo, Tokyo-to, 160-0023	Superior Twin with Breakfast, Non Smoking (breakfast charge for 6yo & under)	Sleeps 2 | Breakfast buffet | Free WiFi | 20 sq m | 2 Single Beds | Collect and Redeem	€185	€133
Shinjuku Washington Hotel Main	3-2-9 Nishishinjuku, Shinjuku-ku, Tokyo, Tokyo-to, 160-0023	Semidouble Non Smoking	Free WiFi | 13 sq m | Collect | Coupon codes cannot be applied | No changes allowed, except for cancellations	€138	
Shinjuku Washington Hotel Main	3-2-9 Nishishinjuku, Shinjuku-ku, Tokyo, Tokyo-to, 160-0023	Superior Twin with Breakfast, Non Smoking(Remodeled Floor)	Sleeps 2 | Breakfast buffet | Free WiFi | 2 Single Beds | Collect and Redeem	€193	€139
Shinjuku Washington Hotel Main	3-2-9 Nishishinjuku, Shinjuku-ku, Tokyo, Tokyo-to, 160-0023	Standard Double Non-Smoking	Free WiFi | 18 sq m | 1 Double Bed | Collect | Coupon codes cannot be applied | No changes allowed, except for cancellations	€142	
Shinjuku Washington Hotel Main	3-2-9 Nishishinjuku, Shinjuku-ku, Tokyo, Tokyo-to, 160-0023	Superior Twin Non Smoking	Free WiFi | 19 sq m | 2 Single Beds | Collect | Coupon codes cannot be applied | No changes allowed, except for cancellations	€151	
Shinjuku Washington Hotel Main	3-2-9 Nishishinjuku, Shinjuku-ku, Tokyo, Tokyo-to, 160-0023	Triple Room, Non Smoking	Sleeps 5 | Free WiFi | 24 sq m | 3 Single Beds | Collect and Redeem	€212	€152
Shinjuku Washington Hotel Main	3-2-9 Nishishinjuku, Shinjuku-ku, Tokyo, Tokyo-to, 160-0023	Triple with Breakfast, Non Smoking	Sleeps 3 | Breakfast buffet | Free WiFi | 24 sq m | 3 Single Beds | Collect and Redeem	€265	€191
Shinjuku Washington Hotel Main	3-2-9 Nishishinjuku, Shinjuku-ku, Tokyo, Tokyo-to, 160-0023	Triple Room with Breakfast, Non Smoking (Remodeled Floor)	Sleeps 3 | Free WiFi | 3 Single Beds	sold out	
Shinjuku Washington Hotel Main	3-2-9 Nishishinjuku, Shinjuku-ku, Tokyo, Tokyo-to, 160-0023	Ladies Single with Breakfast, Non Smoking	Sleeps 1 | Free WiFi | 13 sq m | 1 Single Bed	sold out	
Shinjuku Washington Hotel Main	3-2-9 Nishishinjuku, Shinjuku-ku, Tokyo, Tokyo-to, 160-0023	Standard Single with Breakfast, Smoking	Sleeps 1 | Free WiFi | 13 sq m | 1 Single Bed	sold out	
Shinjuku Washington Hotel Main	3-2-9 Nishishinjuku, Shinjuku-ku, Tokyo, Tokyo-to, 160-0023	Standard Single with Breakfast, Non Smoking	Sleeps 1 | Free WiFi | 13 sq m | 1 Single Bed	sold out	
Shinjuku Washington Hotel Main	3-2-9 Nishishinjuku, Shinjuku-ku, Tokyo, Tokyo-to, 160-0023	Single Room, Women only, Non Smoking	Sleeps 2 | Free WiFi | 13 sq m | 1 Single Bed	sold out	
Shinjuku Washington Hotel Main	3-2-9 Nishishinjuku, Shinjuku-ku, Tokyo, Tokyo-to, 160-0023	Standard Single with Breakfast, Non Smoking (Remodeled Floor)	Sleeps 1 | Free WiFi | 1 Single Bed	sold out	
Shinjuku Washington Hotel Main	3-2-9 Nishishinjuku, Shinjuku-ku, Tokyo, Tokyo-to, 160-0023	Twin with Breakfast, Non Smoking	Sleeps 2 | Free WiFi | 17 sq m | 2 Single Beds	sold out	
Shinjuku Washington Hotel Main	3-2-9 Nishishinjuku, Shinjuku-ku, Tokyo, Tokyo-to, 160-0023	Standard Single Room, Smoking	Sleeps 1 | Free WiFi | 13 sq m | 1 Single Bed	sold out	
Shinjuku Washington Hotel Main	3-2-9 Nishishinjuku, Shinjuku-ku, Tokyo, Tokyo-to, 160-0023	Standard Single Room, Non Smoking (Remodeled Floor)	Sleeps 2 | Free WiFi | 1 Single Bed	sold out	
Shinjuku Washington Hotel Main	3-2-9 Nishishinjuku, Shinjuku-ku, Tokyo, Tokyo-to, 160-0023	Twin Room, Non Smoking	Sleeps 4 | Free WiFi | 17 sq m | 2 Single Beds	sold out	
Shinjuku Washington Hotel Main	3-2-9 Nishishinjuku, Shinjuku-ku, Tokyo, Tokyo-to, 160-0023	Standard Single Room, Non Smoking	Sleeps 2 | Free WiFi | 13 sq m | 1 Single Bed	sold out	
Shinjuku Washington Hotel Main	3-2-9 Nishishinjuku, Shinjuku-ku, Tokyo, Tokyo-to, 160-0023	Triple Room, Non Smoking (Remodeled Floor)	Sleeps 5 | Free WiFi | 3 Single Beds	sold out	
Onyado Nono Asakusa Bettei	Asakusa 2-7-26, Taito City, Tokyo, Tokyo, 111-0032	Basic Double Room	Reserve now, pay later | Sleeps 2 | Free WiFi | 18 sq m | 1 Double Bed | Collect and Redeem	€171	€125
Onyado Nono Asakusa Bettei	Asakusa 2-7-26, Taito City, Tokyo, Tokyo, 111-0032	Basic Room	Reserve now, pay later | Sleeps 2 | Free WiFi | 1 Queen Bed | Collect and Redeem	€179	€131
Onyado Nono Asakusa Bettei	Asakusa 2-7-26, Taito City, Tokyo, Tokyo, 111-0032	Basic Room	Reserve now, pay later | Sleeps 2 | Free WiFi | 1 Queen Bed | Collect and Redeem	€189	€139
Onyado Nono Asakusa Bettei	Asakusa 2-7-26, Taito City, Tokyo, Tokyo, 111-0032	Basic Room	Reserve now, pay later | Sleeps 2 | Free WiFi | 1 King Bed | Collect and Redeem	€198	€145
Onyado Nono Asakusa Bettei	Asakusa 2-7-26, Taito City, Tokyo, Tokyo, 111-0032	Basic Twin Room	Reserve now, pay later | Sleeps 2 | Free WiFi | 2 Single Beds | Collect and Redeem	€206	€151
Onyado Nono Asakusa Bettei	Asakusa 2-7-26, Taito City, Tokyo, Tokyo, 111-0032	Basic Triple Room	Reserve now, pay later | Sleeps 4 | Free WiFi | 2 Single Beds and 1 Double Bed | Collect and Redeem	€399	€293
Onyado Nono Asakusa Bettei	Asakusa 2-7-26, Taito City, Tokyo, Tokyo, 111-0032	Deluxe Triple Room	Reserve now, pay later | Sleeps 4 | Breakfast buffet | Free WiFi | 2 Single Beds and 1 Double Bed | Collect and Redeem	€416	€305
HOTEL GROOVE SHINJUKU, A PARKROYAL Hotel	Kabukicho1-29-1, Tokyo, Tokyo, 1600021	Superior Room, 1 King Bed	Reserve now, pay later | City view | Sleeps 2 | Free WiFi | 21 sq m | 1 King Bed | Collect and Redeem	€231	
HOTEL GROOVE SHINJUKU, A PARKROYAL Hotel	Kabukicho1-29-1, Tokyo, Tokyo, 1600021	Superior Room, 2 Single Beds	Reserve now, pay later | City view | Sleeps 2 | Free WiFi | 21 sq m | 2 Single Beds | Collect and Redeem	€231	
HOTEL GROOVE SHINJUKU, A PARKROYAL Hotel	Kabukicho1-29-1, Tokyo, Tokyo, 1600021	Superior King	Free WiFi | 22 sq m | 1 King Bed | Collect | Coupon codes cannot be applied | No changes allowed, except for cancellations	€236	
HOTEL GROOVE SHINJUKU, A PARKROYAL Hotel	Kabukicho1-29-1, Tokyo, Tokyo, 1600021	Superior Twin	Free WiFi | 22 sq m | 2 Single Beds | Collect | Coupon codes cannot be applied | No changes allowed, except for cancellations	€236	
HOTEL GROOVE SHINJUKU, A PARKROYAL Hotel	Kabukicho1-29-1, Tokyo, Tokyo, 1600021	Deluxe Room, 1 King Bed	Reserve now, pay later | City view | Sleeps 2 | Free WiFi | 25 sq m | 1 King Bed | Collect	€246	
HOTEL GROOVE SHINJUKU, A PARKROYAL Hotel	Kabukicho1-29-1, Tokyo, Tokyo, 1600021	Deluxe Room, 2 Single Beds	Reserve now, pay later | City view | Sleeps 2 | Free WiFi | 27 sq m | 2 Single Beds | Collect	€246	
HOTEL GROOVE SHINJUKU, A PARKROYAL Hotel	Kabukicho1-29-1, Tokyo, Tokyo, 1600021	Deluxe Triple Room	Reserve now, pay later | City view | Sleeps 3 | Free WiFi | 27 sq m | 2 Single Beds and 1 Single Sofa Bed | Collect	€246	
HOTEL GROOVE SHINJUKU, A PARKROYAL Hotel	Kabukicho1-29-1, Tokyo, Tokyo, 1600021	Deluxe King	Free WiFi | 25 sq m | 1 King Bed | Collect | Coupon codes cannot be applied | No changes allowed, except for cancellations	€251	
HOTEL GROOVE SHINJUKU, A PARKROYAL Hotel	Kabukicho1-29-1, Tokyo, Tokyo, 1600021	Premier Room, 2 Single Beds	Reserve now, pay later | City view | Sleeps 3 | Free WiFi | 32 sq m | 2 Single Beds | Collect	€292	
HOTEL GROOVE SHINJUKU, A PARKROYAL Hotel	Kabukicho1-29-1, Tokyo, Tokyo, 1600021	Premier Triple Room, 3 Single Beds	Reserve now, pay later | City view | Sleeps 3 | Free WiFi | 37 sq m | 3 Single Beds | Collect	€292	
HOTEL GROOVE SHINJUKU, A PARKROYAL Hotel	Kabukicho1-29-1, Tokyo, Tokyo, 1600021	Premier Room, 2 Single Beds, Accessible	Reserve now, pay later | City view | Sleeps 2 | Free WiFi | 37 sq m | 2 Single Beds | Collect	€292	
HOTEL GROOVE SHINJUKU, A PARKROYAL Hotel	Kabukicho1-29-1, Tokyo, Tokyo, 1600021	Executive Room, Multiple Beds	Reserve now, pay later | City view | Sleeps 2 | Free WiFi | 46 sq m | 2 Large Single Beds | Collect and Redeem	€423	
HOTEL GROOVE SHINJUKU, A PARKROYAL Hotel	Kabukicho1-29-1, Tokyo, Tokyo, 1600021	Suite, 1 King Bed (Garden)	Reserve now, pay later | City view | Sleeps 4 | Free WiFi | 44 sq m | 1 King Bed | Collect	€469	
HOTEL GROOVE SHINJUKU, A PARKROYAL Hotel	Kabukicho1-29-1, Tokyo, Tokyo, 1600021	Premier Suite, 2 Single Beds	Reserve now, pay later | City view | Sleeps 4 | Free WiFi | 61 sq m | 2 Single Beds | Collect and Redeem	€485	
HOTEL GROOVE SHINJUKU, A PARKROYAL Hotel	Kabukicho1-29-1, Tokyo, Tokyo, 1600021	Premier Suite, 1 King Bed	Reserve now, pay later | City view | Sleeps 4 | Free WiFi | 61 sq m | 1 King Bed | Collect and Redeem	€485	
HOTEL GROOVE SHINJUKU, A PARKROYAL Hotel	Kabukicho1-29-1, Tokyo, Tokyo, 1600021	Suite (PARKROYAL)	Reserve now, pay later | City view | Sleeps 2 | Free WiFi | 53 sq m | 1 King Bed | Collect and Redeem	€561	
HOTEL GROOVE SHINJUKU, A PARKROYAL Hotel	Kabukicho1-29-1, Tokyo, Tokyo, 1600021	Premier Room, 1 King Bed	City view | Sleeps 2 | Free WiFi | 32 sq m | 1 King Bed	sold out	
HOTEL GROOVE SHINJUKU, A PARKROYAL Hotel	Kabukicho1-29-1, Tokyo, Tokyo, 1600021	Superior Room, 1 Double Bed	City view | Sleeps 2 | Free WiFi | 21 sq m | 1 Double Bed	sold out	
HOTEL GROOVE SHINJUKU, A PARKROYAL Hotel	Kabukicho1-29-1, Tokyo, Tokyo, 1600021	Suite (Japanese)	City view | Sleeps 6 | Free WiFi | 61 sq m | 6 Single Futons	sold out	
The Royal Park Hotel Iconic Tokyo Shiodome	1-6-3 Higashi-Shimbashi, Minato-ku, Tokyo, Tokyo, 105-8333	Economy Double, 1 Double Bed	Sleeps 3 | Free wired internet | 20 sq m | 1 Double Bed | Collect and Redeem	€229	€172
The Royal Park Hotel Iconic Tokyo Shiodome	1-6-3 Higashi-Shimbashi, Minato-ku, Tokyo, Tokyo, 105-8333	Economy Double, Tokyo Tower View	Sleeps 3 | Free wired internet | 20 sq m | 1 Double Bed | Collect and Redeem	€260	€195
The Royal Park Hotel Iconic Tokyo Shiodome	1-6-3 Higashi-Shimbashi, Minato-ku, Tokyo, Tokyo, 105-8333	Standard Double	Sleeps 3 | Free wired internet | 26 sq m | 1 Queen Bed | Collect and Redeem	€300	€225
The Royal Park Hotel Iconic Tokyo Shiodome	1-6-3 Higashi-Shimbashi, Minato-ku, Tokyo, Tokyo, 105-8333	Standard Twin	Sleeps 4 | Free wired internet | 26 sq m | 2 Single Beds | Collect and Redeem	€300	€225
The Royal Park Hotel Iconic Tokyo Shiodome	1-6-3 Higashi-Shimbashi, Minato-ku, Tokyo, Tokyo, 105-8333	Standard King	Sleeps 3 | Free wired internet | 26 sq m | 1 King Bed | Collect and Redeem	€321	€240
The Royal Park Hotel Iconic Tokyo Shiodome	1-6-3 Higashi-Shimbashi, Minato-ku, Tokyo, Tokyo, 105-8333	Moderate Double	Sleeps 3 | Free wired internet | 30 sq m | 1 Queen Bed | Collect and Redeem	€351	€264
The Royal Park Hotel Iconic Tokyo Shiodome	1-6-3 Higashi-Shimbashi, Minato-ku, Tokyo, Tokyo, 105-8333	"Standard Double ""A Secondary House"" -Coordinated by IDC OTSUKA"	Sleeps 3 | Free wired internet | 26 sq m | 1 Double Bed | Collect and Redeem	€322	€290
The Royal Park Hotel Iconic Tokyo Shiodome	1-6-3 Higashi-Shimbashi, Minato-ku, Tokyo, Tokyo, 105-8333	"Standard Double ""A Home"" -Coordinated by IDC OTSUKA"	Sleeps 3 | Free wired internet | 26 sq m | 1 Double Bed | Collect and Redeem	€322	€290
The Royal Park Hotel Iconic Tokyo Shiodome	1-6-3 Higashi-Shimbashi, Minato-ku, Tokyo, Tokyo, 105-8333	Superior Twin	Sleeps 2 | Free wired internet | 38 sq m | 2 Single Beds | Collect and Redeem	€364	€328
The Royal Park Hotel Iconic Tokyo Shiodome	1-6-3 Higashi-Shimbashi, Minato-ku, Tokyo, Tokyo, 105-8333	Superior Twin Room (For 3 People only), Non Smoking	Sleeps 5 | Free wired internet | 38 sq m | 2 Single Beds | Collect and Redeem	€390	€351
The Royal Park Hotel Iconic Tokyo Shiodome	1-6-3 Higashi-Shimbashi, Minato-ku, Tokyo, Tokyo, 105-8333	Junior Suite King	Sleeps 3 | Free wired internet | 57 sq m | 1 King Bed | Collect and Redeem	€485	€364
The Royal Park Hotel Iconic Tokyo Shiodome	1-6-3 Higashi-Shimbashi, Minato-ku, Tokyo, Tokyo, 105-8333	Junior Suite Twin	Sleeps 4 | Free wired internet | 57 sq m | 2 Single Beds | Collect and Redeem	€485	€364
The Royal Park Hotel Iconic Tokyo Shiodome	1-6-3 Higashi-Shimbashi, Minato-ku, Tokyo, Tokyo, 105-8333	Junior Suite Twin Room (For 3-4 People only), Non Smoking	Sleeps 6 | Free wired internet | 2 Large Single Beds | Collect and Redeem	€510	€382
The Royal Park Hotel Iconic Tokyo Shiodome	1-6-3 Higashi-Shimbashi, Minato-ku, Tokyo, Tokyo, 105-8333	Deluxe King	Sleeps 3 | Free wired internet | 50 sq m | 1 King Bed | Collect and Redeem	€440	€396
The Royal Park Hotel Iconic Tokyo Shiodome	1-6-3 Higashi-Shimbashi, Minato-ku, Tokyo, Tokyo, 105-8333	Deluxe King Room (For 3 People only), Non Smoking	Sleeps 4 | Free wired internet | 50 sq m | 1 King Bed | Collect and Redeem	€465	€419
The Royal Park Hotel Iconic Tokyo Shiodome	1-6-3 Higashi-Shimbashi, Minato-ku, Tokyo, Tokyo, 105-8333	"Junior Suite Twin ""Play"" -Coordinated by THE CONRAN SHOP"	Sleeps 4 | Free wired internet | 57 sq m | 2 Single Beds | Collect and Redeem	€522	€470
The Royal Park Hotel Iconic Tokyo Shiodome	1-6-3 Higashi-Shimbashi, Minato-ku, Tokyo, Tokyo, 105-8333	Japanese Junior Suite King	Sleeps 3 | Free wired internet | 57 sq m | 1 King Bed	sold out	
The Royal Park Hotel Iconic Tokyo Shiodome	1-6-3 Higashi-Shimbashi, Minato-ku, Tokyo, Tokyo, 105-8333	"Standard Double ""Think"" -Coordinated by THE CONRAN SHOP"	Sleeps 3 | Free wired internet | 26 sq m | 1 Double Bed	sold out	
The Royal Park Hotel Iconic Tokyo Shiodome	1-6-3 Higashi-Shimbashi, Minato-ku, Tokyo, Tokyo, 105-8333	"Standard Double ""SOHO Style"" -Coordinated by IDC OTSUKA"	Sleeps 3 | Free wired internet | 26 sq m | 1 Double Bed	sold out	
APA Hotel & Resort Nishishinjuku Gochome Eki Tower	3-14-1 Honmachi, Shibuya-ku, Tokyo, Tokyo, 151-0071	Double Room, 1 Bedroom, Non Smoking	Reserve now, pay later | Sleeps 3 | Free WiFi | 10 sq m | 1 Large Single Bed | Collect and Redeem	€77	
APA Hotel & Resort Nishishinjuku Gochome Eki Tower	3-14-1 Honmachi, Shibuya-ku, Tokyo, Tokyo, 151-0071	Double Room, 1 Bedroom, Non Smoking	Reserve now, pay later | Sleeps 3 | Free WiFi | 10 sq m | 1 Double Bed | Collect	€90	
APA Hotel & Resort Nishishinjuku Gochome Eki Tower	3-14-1 Honmachi, Shibuya-ku, Tokyo, Tokyo, 151-0071	Double Room, 1 Bedroom, Non Smoking, City View (High Floor)	Reserve now, pay later | City view | Sleeps 3 | Free WiFi | 10 sq m | 1 Double Bed | Collect	€97	
APA Hotel & Resort Nishishinjuku Gochome Eki Tower	3-14-1 Honmachi, Shibuya-ku, Tokyo, Tokyo, 151-0071	Twin Room, Non Smoking	Reserve now, pay later | Sleeps 4 | Free WiFi | 13 sq m | 2 Single Beds | Collect	€125	
APA Hotel & Resort Nishishinjuku Gochome Eki Tower	3-14-1 Honmachi, Shibuya-ku, Tokyo, Tokyo, 151-0071	Single Room, Non Smoking	Sleeps 2 | Free WiFi | 10 sq m | 1 Single Bed	sold out	
APA Hotel & Resort Nishishinjuku Gochome Eki Tower	3-14-1 Honmachi, Shibuya-ku, Tokyo, Tokyo, 151-0071	Double Room, 1 Bedroom, Non Smoking, City View	City view | Sleeps 3 | Free WiFi | 10 sq m | 1 Large Single Bed	sold out	
APA Hotel & Resort Nishishinjuku Gochome Eki Tower	3-14-1 Honmachi, Shibuya-ku, Tokyo, Tokyo, 151-0071	Single Room, Non Smoking, City View	City view | Sleeps 2 | Free WiFi | 10 sq m | 1 Single Bed	sold out	
Shinjuku Granbell Hotel	2-14-5 Kabuki-cho, Shinjuku, Tokyo, Tokyo-to, 160-0021	Economy Double, Non Smoking	Sleeps 2 | Free WiFi | 15 sq m | 1 Double Bed | Collect and Redeem	€207	€145
Shinjuku Granbell Hotel	2-14-5 Kabuki-cho, Shinjuku, Tokyo, Tokyo-to, 160-0021	Economy Twin, Non-smoking	Sleeps 2 | Free WiFi | 17 sq m | 2 Single Beds | Collect and Redeem	€225	€158
Shinjuku Granbell Hotel	2-14-5 Kabuki-cho, Shinjuku, Tokyo, Tokyo-to, 160-0021	Superior Double Non-smoking	Sleeps 2 | Free WiFi | 17 sq m | 1 Queen Bed | Collect and Redeem	€225	€158
Shinjuku Granbell Hotel	2-14-5 Kabuki-cho, Shinjuku, Tokyo, Tokyo-to, 160-0021	Standard Double with Loft, Non Smoking, 12th Floor	Sleeps 2 | Free WiFi | 15 sq m | 1 Double Bed | Collect and Redeem	€234	€164
Shinjuku Granbell Hotel	2-14-5 Kabuki-cho, Shinjuku, Tokyo, Tokyo-to, 160-0021	Standard Twin Room, Non Smoking	Sleeps 2 | Free WiFi | 19 sq m | 2 Large Single Beds | Collect and Redeem	€243	€170
Shinjuku Granbell Hotel	2-14-5 Kabuki-cho, Shinjuku, Tokyo, Tokyo-to, 160-0021	Standard Hollywood Twin, Non-smoking	Sleeps 2 | Free WiFi | 19 sq m | 2 Single Beds | Collect and Redeem	€243	€170
Shinjuku Granbell Hotel	2-14-5 Kabuki-cho, Shinjuku, Tokyo, Tokyo-to, 160-0021	Superior Hollywood Twin, Non-smoking	Sleeps 2 | Free WiFi | 21 sq m | 2 Single Beds | Collect and Redeem	€261	€183
Shinjuku Granbell Hotel	2-14-5 Kabuki-cho, Shinjuku, Tokyo, Tokyo-to, 160-0021	Deluxe Hollywood Twin, Non-smoking	Sleeps 2 | Free WiFi | 24 sq m | 2 Single Beds | Collect and Redeem	€288	€202
Shinjuku Granbell Hotel	2-14-5 Kabuki-cho, Shinjuku, Tokyo, Tokyo-to, 160-0021	Superior Double with Loft, Non Smoking, 12th Floor	Sleeps 3 | Free WiFi | 18 sq m | 1 Queen Bed | Collect and Redeem	€288	€202
Shinjuku Granbell Hotel	2-14-5 Kabuki-cho, Shinjuku, Tokyo, Tokyo-to, 160-0021	Standard Twin with Loft, Non Smoking, 12th Floor	Sleeps 3 | Free WiFi | 19 sq m | 2 Single Beds | Collect and Redeem	€297	€208
Shinjuku Granbell Hotel	2-14-5 Kabuki-cho, Shinjuku, Tokyo, Tokyo-to, 160-0021	Economy Double Room	Free WiFi | 15 sq m | 1 Double Bed | Collect | Coupon codes cannot be applied | No changes allowed, except for cancellations	€217	
Shinjuku Granbell Hotel	2-14-5 Kabuki-cho, Shinjuku, Tokyo, Tokyo-to, 160-0021	Superior Double	Free WiFi | 18 sq m | 1 Queen Bed | Collect | Coupon codes cannot be applied | No changes allowed, except for cancellations	€236	
Shinjuku Granbell Hotel	2-14-5 Kabuki-cho, Shinjuku, Tokyo, Tokyo-to, 160-0021	Economy Twin	Free WiFi | 17 sq m | 2 Single Beds | Collect | Coupon codes cannot be applied | No changes allowed, except for cancellations	€236	
Shinjuku Granbell Hotel	2-14-5 Kabuki-cho, Shinjuku, Tokyo, Tokyo-to, 160-0021	Executive Double / Studio,Non Smoking	Free breakfast buffet for 1 per day | Sleeps 2 | Free WiFi | 26 sq m | 1 King Bed | Collect and Redeem	€351	€246
Shinjuku Granbell Hotel	2-14-5 Kabuki-cho, Shinjuku, Tokyo, Tokyo-to, 160-0021	Executive Double / Mature, Non Smoking	Free breakfast buffet for 1 per day | Sleeps 2 | Free WiFi | 39 sq m | 1 King Bed | Collect and Redeem	€414	€290
Shinjuku Granbell Hotel	2-14-5 Kabuki-cho, Shinjuku, Tokyo, Tokyo-to, 160-0021	The Club Suite, Non-smoking	Free breakfast buffet for 1 per day | Sleeps 2 | Free WiFi | 60 sq m | 1 King Bed | Collect and Redeem	€720	€504
Shinjuku Granbell Hotel	2-14-5 Kabuki-cho, Shinjuku, Tokyo, Tokyo-to, 160-0021	The Villa Suite, Non-smoking	Sleeps 2 | Continental breakfast | Free WiFi | 62 sq m | 1 King Bed | Collect and Redeem	€720	€504
Shinjuku Granbell Hotel	2-14-5 Kabuki-cho, Shinjuku, Tokyo, Tokyo-to, 160-0021	The Resort Suite, Non-smoking	Sleeps 2 | Continental breakfast | Free WiFi | 60 sq m | 1 King Bed | Collect and Redeem	€936	€655
Shinjuku Granbell Hotel	2-14-5 Kabuki-cho, Shinjuku, Tokyo, Tokyo-to, 160-0021	The Pent House Suite, Non-Smoking	Free breakfast buffet for 1 per day | Sleeps 2 | Free WiFi | 62 sq m | 1 King Bed | Collect and Redeem	€1,080	€756
Shinjuku Granbell Hotel	2-14-5 Kabuki-cho, Shinjuku, Tokyo, Tokyo-to, 160-0021	Executive Double / Yau Ma Tei, Non Smoking	Sleeps 2 | Free WiFi | 19 sq m | 1 Queen Bed	sold out	
Shinjuku Granbell Hotel	2-14-5 Kabuki-cho, Shinjuku, Tokyo, Tokyo-to, 160-0021	Executive Double / Mature with Kitchen, Non Smoking	Sleeps 2 | Free WiFi | 43 sq m | 1 King Bed	sold out	
Shinjuku Granbell Hotel	2-14-5 Kabuki-cho, Shinjuku, Tokyo, Tokyo-to, 160-0021	Executive Double / Casual, Non Smoking	Sleeps 2 | Free WiFi | 33 sq m | 1 King Bed	sold out	
Shinjuku Granbell Hotel	2-14-5 Kabuki-cho, Shinjuku, Tokyo, Tokyo-to, 160-0021	Economy Single with High Ceiling, Non-smoking	Sleeps 1 | Free WiFi | 13 sq m | 1 Large Single Bed	sold out	
Shinjuku Granbell Hotel	2-14-5 Kabuki-cho, Shinjuku, Tokyo, Tokyo-to, 160-0021	Deluxe Double with Loft, Non Smoking, 12th Floor	Sleeps 3 | Free WiFi | 24 sq m | 1 King Bed	sold out	
Shinjuku Granbell Hotel	2-14-5 Kabuki-cho, Shinjuku, Tokyo, Tokyo-to, 160-0021	Deluxe Double with Universal Design, Non-smoking	Sleeps 2 | Free WiFi | 23 sq m | 1 Double Bed	sold out	
Shinjuku Granbell Hotel	2-14-5 Kabuki-cho, Shinjuku, Tokyo, Tokyo-to, 160-0021	Standard Double with Loft, Non Smoking, Ground Floor	Sleeps 3 | Free WiFi | 15 sq m | 1 Double Bed	sold out	
Shinjuku Granbell Hotel	2-14-5 Kabuki-cho, Shinjuku, Tokyo, Tokyo-to, 160-0021	Deluxe Double, Non-smoking	Sleeps 2 | Free WiFi | 23 sq m | 1 Queen Bed	sold out	
Shinjuku Granbell Hotel	2-14-5 Kabuki-cho, Shinjuku, Tokyo, Tokyo-to, 160-0021	Economy Single, Non-smoking	Sleeps 1 | Free WiFi | 13 sq m | 1 Large Single Bed	sold out	
Shinjuku Granbell Hotel	2-14-5 Kabuki-cho, Shinjuku, Tokyo, Tokyo-to, 160-0021	Superior Double with Loft, Non Smoking, Ground Floor	Sleeps 2 | Free WiFi | 18 sq m | 1 Double Bed	sold out	
Shinjuku Granbell Hotel	2-14-5 Kabuki-cho, Shinjuku, Tokyo, Tokyo-to, 160-0021	Standard Twin with Loft, Non Smoking, Ground Floor	Sleeps 3 | Free WiFi | 19 sq m | 2 Single Beds	sold out	
Shinjuku Granbell Hotel	2-14-5 Kabuki-cho, Shinjuku, Tokyo, Tokyo-to, 160-0021	Deluxe Double with Loft and Terrace, Non Smoking, Ground Floor	Sleeps 3 | Free WiFi | 24 sq m | 1 King Bed	sold out	
APA Hotel Shinjuku Gyoemmae	2-2-8 Shinjuku, Shinjuku, Tokyo, Tokyo-to, 160-0022	Double Room, Non Smoking	Reserve now, pay later | Sleeps 2 | Free WiFi | 11 sq m | 1 Double Bed | Collect and Redeem	€110	
APA Hotel Shinjuku Gyoemmae	2-2-8 Shinjuku, Shinjuku, Tokyo, Tokyo-to, 160-0022	Twin Room, Non Smoking	Reserve now, pay later | Sleeps 2 | Free WiFi | 13 sq m | 2 Large Single Beds | Collect	€191	
APA Hotel Shinjuku Gyoemmae	2-2-8 Shinjuku, Shinjuku, Tokyo, Tokyo-to, 160-0022	Single Room, Non Smoking	Sleeps 1 | Free WiFi | 11 sq m | 1 Large Single Bed	sold out	
APA Hotel Shinjuku Kabukicho Tower	1-20-2 Kabukicho, Shinjuku, Tokyo, 160-0021	Double Room, Non Smoking	Reserve now, pay later | Sleeps 2 | Free WiFi | 11 sq m | 1 Double Bed | Collect	€102	
APA Hotel Shinjuku Kabukicho Tower	1-20-2 Kabukicho, Shinjuku, Tokyo, 160-0021	Twin Room, Non Smoking	Reserve now, pay later | Sleeps 2 | Free WiFi | 17 sq m | 2 Single Beds | Collect and Redeem	€214	
APA Hotel Shinjuku Kabukicho Tower	1-20-2 Kabukicho, Shinjuku, Tokyo, 160-0021	Deluxe Twin Room, Non Smoking (27th floor)	Sleeps 2 | Free WiFi | 22 sq m | 2 Single Beds	sold out	
APA Hotel Shinjuku Kabukicho Tower	1-20-2 Kabukicho, Shinjuku, Tokyo, 160-0021	Single Room, Non Smoking	Sleeps 1 | Free WiFi | 11 sq m | 1 Single Bed	sold out	
Apa Hotel Higashi Shinjuku Kabukicho Tower	2-31-12 Kabukicho, Shinju-ku, Tokyo, Tokyo, 160-0021	Standard Room for Two People, Non Smoking (Tower/view not specified)	Reserve now, pay later | Sleeps 2 | Free WiFi | 11 sq m | 1 Double Bed | Collect	€102	
Apa Hotel Higashi Shinjuku Kabukicho Tower	2-31-12 Kabukicho, Shinju-ku, Tokyo, Tokyo, 160-0021	Tower Bldg View Room for Two People, Non Smoking (17th or higher floor)	Reserve now, pay later | City view | Sleeps 2 | Free WiFi | 11 sq m | 1 Double Bed | Collect	€110	
Apa Hotel Higashi Shinjuku Kabukicho Tower	2-31-12 Kabukicho, Shinju-ku, Tokyo, Tokyo, 160-0021	West Bldg Superior Room for Two People, Non Smoking (14th floor)	City view | Sleeps 2 | Free WiFi | 11 sq m | 1 Double Bed	sold out	
Apa Hotel Higashi Shinjuku Kabukicho Tower	2-31-12 Kabukicho, Shinju-ku, Tokyo, Tokyo, 160-0021	Tower Bldg Top Floor Deluxe Twin Room, Non Smoking (20th floor)	City view | Sleeps 2 | Free WiFi | 24 sq m | 2 Large Single Beds	sold out	
Apa Hotel Higashi Shinjuku Kabukicho Tower	2-31-12 Kabukicho, Shinju-ku, Tokyo, Tokyo, 160-0021	Tower Bldg View Room for One Person, Non Smoking (17th or higher floor)	City view | Sleeps 1 | Free WiFi | 11 sq m | 1 Double Bed	sold out	
Apa Hotel Higashi Shinjuku Kabukicho Tower	2-31-12 Kabukicho, Shinju-ku, Tokyo, Tokyo, 160-0021	Tower Bldg Standard Room for One Person, Non Smoking (12th or lower floor)	Sleeps 1 | Free WiFi | 11 sq m | 1 Double Bed	sold out	
Apa Hotel Higashi Shinjuku Kabukicho Tower	2-31-12 Kabukicho, Shinju-ku, Tokyo, Tokyo, 160-0021	West Bldg Top Floor Superior Twin Room, Non Smoking (14th floor)	City view | Sleeps 2 | Free WiFi | 26 sq m | 2 Large Single Beds	sold out	
